 id,作曲者
1,広瀬 正憲
2,高橋 宏樹
3,長野 雄行
4,田嶋 勉
5,鹿野 草平
6,堀田 庸元
7,佐藤 博昭
8,新実 徳英
9,渡口 公康
10,山口 哲人
11,福田 洋介
12,土井 康司
13,足立 正
14,和田 信
15,長生 淳
16,三澤 慶
17,白岩 優拓
18,岩井 直溥
19,川北 栄樹
20,中西 英介
21,合田 佳代子
22,小林 武夫
23,谷地村博人
24,石原勇太郎
25,佐藤 邦宏
26,西村 朗
27,田坂 直樹
28,朴 守賢
29,矢藤 学
30,山本 雅一
31,西村 友
32,鹿島 康奨
33,島田 尚美
34,江原 大介
35,木内 涼
36,保科 洋
37,西山 知宏
38,川合 清裕
39,塩見 康史
40,一ノ瀬 季生
41,高 昌帥
42,郷間 幹男
43,咲間 貴裕
44,林 大地
45,近藤 悠介
46,福島 弘和
47,岡田 康汰
48,日景 貴文
49,F・シュミット
50,A・リード
51,P・スパーク
52,B・アッペルモント
53,K・フサ
54,J・B・チャンス
55,C・T・スミス
56,J・バーンズ
57,R・ジェイガー
58,V・ネリベル
59,P・グレイアム
60,J・ヴァンデルロースト
61,E・エルガー
62,J・フチーク
63,J・シュトラウス1世
64,J・P・スーザ
65,斎藤高順
66,J・F・ワーグナー
67,K・タイケ
68,R・グリエール
69,P・I・チャイコフスキー
70,S・プロコフィエフ
71,A・ボロディン
72,G・ホルスト
73,D・ショスタコーヴィチ
74,C・M・F・ウェーバー
75,S・ラフマニノフ
76,H.オーウェン・リード
77,樽屋雅徳
78,N・ヘス
79,P・グレインジャー